ID,waterbody,TL_mm,cluster,phenotype,sex,lifeyear,inc_um,rad_um,res_mean,Sr_mean,genotype
BH-00355,Tributary,552,FW low saline|shift,FW_resident,m,1,495.6,495.6,-1.21319198890855,-1.76037876384279,2
BH-00355,Tributary,552,FW low saline|shift,FW_resident,m,2,237.5,733.1,0.294154772208925,-2.00985858898706,2
BH-00356,Tributary,815,FW low saline|cold,FW_resident,f,1,460.5,460.5,-0.18856292895534,-1.8594396536829,
BH-00356,Tributary,815,FW low saline|cold,FW_resident,f,2,228.8,689.3,-0.0741780593682741,-2.03585071355179,
BH-00356,Tributary,815,FW low saline|cold,FW_resident,f,3,238,927.3,0.410292647396989,-2.05239891924634,
BH-00356,Tributary,815,FW low saline|cold,FW_resident,f,4,233.8,1161.1,1.37146594562322,-1.9260067967808,
BH-00356,Tributary,815,FW low saline|cold,FW_resident,f,5,135.4,1296.5,0.962842820047159,-1.73244626192807,
BH-00356,Tributary,815,FW low saline|cold,FW_resident,f,6,123.6,1420.1,1.21105114956631,-1.84645932154258,
BH-00356,Tributary,815,FW low saline|cold,FW_resident,f,7,127.4,1547.5,0.335894444940592,-1.7930351237742,
BH-00385,Tributary,765,FW int saline|const,FW_resident,f,1,432.7,432.7,-0.612365923376872,-1.4820449215416,2
BH-00385,Tributary,765,FW int saline|const,FW_resident,f,2,239.5,672.2,-0.568688599369896,-1.17923132391436,2
BH-00385,Tributary,765,FW int saline|const,FW_resident,f,3,273.8,946,-0.0743800706487714,-1.02351165370978,2
BH-00385,Tributary,765,FW int saline|const,FW_resident,f,4,184.6,1130.6,-1.30981621706623,-0.9816860054948,2
BH-00385,Tributary,765,FW int saline|const,FW_resident,f,5,131.5,1262.1,-0.19007020204139,-1.16641819402437,2
BH-00391,Tributary,903,FW int saline|const,FW_resident,f,1,458.7,458.7,-0.253917154677658,-1.61298904228635,2
BH-00391,Tributary,903,FW int saline|const,FW_resident,f,2,207.6,666.3,-0.346989776379136,-1.66914382819361,2
BH-00391,Tributary,903,FW int saline|const,FW_resident,f,3,183.9,850.2,-0.582403133561768,-1.13156348717856,2
BH-00391,Tributary,903,FW int saline|const,FW_resident,f,4,196.5,1046.7,-1.12235712761348,-1.14327457854088,2
BH-00391,Tributary,903,FW int saline|const,FW_resident,f,5,156.1,1202.8,-0.451443225117016,-1.19521682754351,2
BH-00391,Tributary,903,FW int saline|const,FW_resident,f,6,113.8,1316.6,-0.235880463375685,-1.19581179126004,2
BH-00391,Tributary,903,FW int saline|const,FW_resident,f,7,92,1408.6,-0.150620084052033,-1.1250694387694,2
BH-00391,Tributary,903,FW int saline|const,FW_resident,f,8,105.7,1514.3,0.511180041885196,-1.14078202221446,2
BH-00391,Tributary,903,FW int saline|const,FW_resident,f,9,80.7,1595,1.4921443967994,-0.98111641209488,2
BH-00392,Tributary,930,FW int saline|const,FW_resident,f,1,565,565,0.756180284800835,-1.52158961835711,
BH-00392,Tributary,930,FW int saline|const,FW_resident,f,2,189.1,754.1,-0.382973069099182,-1.29054453256439,
BH-00392,Tributary,930,FW int saline|const,FW_resident,f,3,229.4,983.5,-0.870637784712158,-1.22431755285485,
BH-00392,Tributary,930,FW int saline|const,FW_resident,f,4,215.7,1199.2,-0.297123211129753,-1.0886774914418,
BH-00392,Tributary,930,FW int saline|const,FW_resident,f,5,140.3,1339.5,0.321190380033488,-0.97105452571243,
BH-00392,Tributary,930,FW int saline|const,FW_resident,f,6,132.3,1471.8,0.742642311679735,-0.509888621835207,
BH-00392,Tributary,930,FW int saline|const,FW_resident,f,7,110,1581.8,0.55913211498833,-0.682557883380071,
BH-00398,Tributary,761,FW int saline|const,FW_resident,f,1,431,431,-0.620227961298078,-1.7135741047534,2
BH-00398,Tributary,761,FW int saline|const,FW_resident,f,2,300.5,731.5,-0.581252428414346,-1.57358511663762,2
BH-00398,Tributary,761,FW int saline|const,FW_resident,f,3,252.5,984,-0.0355645919499797,-1.38133964363217,2
BH-00398,Tributary,761,FW int saline|const,FW_resident,f,4,103.8,1087.8,0.454478898625664,-1.3499248927735,2
BH-00398,Tributary,761,FW int saline|const,FW_resident,f,5,131.6,1219.4,-0.036126741883289,-1.23697803076389,2
BH-00398,Tributary,761,FW int saline|const,FW_resident,f,6,132.4,1351.8,0.798709108035286,-1.0432735937021,2
BH-00405,Tributary,466,FW low saline|shift,FW_resident,f,1,367.2,367.2,-1.43876052325375,-1.30502846408613,2
BH-00405,Tributary,466,FW low saline|shift,FW_resident,f,2,295.9,663.1,0.223236358424942,-1.74001900591732,2
BH-00411,Tributary,677,FW int saline|const,FW_resident,f,1,397.9,397.9,-0.652766990640004,-1.47399013923572,2
BH-00411,Tributary,677,FW int saline|const,FW_resident,f,2,388.7,786.6,0.114083160996014,-1.12542873398765,2
BH-00411,Tributary,677,FW int saline|const,FW_resident,f,3,214.7,1001.3,0.571005940193511,-0.989662696460881,2
BH-00418,Tributary,758,FW low saline|cold,FW_resident,f,1,386.8,386.8,0.480394410567756,-2.11041471107892,
BH-00418,Tributary,758,FW low saline|cold,FW_resident,f,2,261.4,648.2,0.783345959970606,-2.05357259448689,
BH-00418,Tributary,758,FW low saline|cold,FW_resident,f,3,300.8,949,1.40372520406281,-1.97899109915845,
BH-00418,Tributary,758,FW low saline|cold,FW_resident,f,4,234.6,1183.6,1.16051612303135,-1.7997902567711,
BH-00418,Tributary,758,FW low saline|cold,FW_resident,f,5,195.1,1378.7,2.05768918313935,-1.84962130066676,
BH-00418,Tributary,758,FW low saline|cold,FW_resident,f,6,174.3,1553,1.62971897061212,-1.89526865735382,
BH-00419,Tributary,958,FW low saline|cold,FW_resident,f,1,384.7,384.7,0.862574999570918,-1.99851702315073,
BH-00419,Tributary,958,FW low saline|cold,FW_resident,f,2,195.8,580.5,1.32352963973149,-1.94601263623905,
BH-00419,Tributary,958,FW low saline|cold,FW_resident,f,3,209.6,790.1,0.727230820986237,-1.88209856582547,
BH-00419,Tributary,958,FW low saline|cold,FW_resident,f,4,190.7,980.8,0.639529059796771,-1.91827349398043,
BH-00419,Tributary,958,FW low saline|cold,FW_resident,f,5,155.8,1136.6,0.914527222563969,-1.77605380141448,
BH-00419,Tributary,958,FW low saline|cold,FW_resident,f,6,150.9,1287.5,0.854006958363954,-1.86029001849062,
BH-00419,Tributary,958,FW low saline|cold,FW_resident,f,7,162.6,1450.1,1.1042143547129,-1.81342998270069,
BH-00419,Tributary,958,FW low saline|cold,FW_resident,f,8,124.7,1574.8,1.96997313143942,-1.81703985051823,
BH-00419,Tributary,958,FW low saline|cold,FW_resident,f,9,112.8,1687.6,1.71122586784992,-1.76155156082412,
BH-00419,Tributary,958,FW low saline|cold,FW_resident,f,10,128.5,1816.1,1.90662563783794,-1.83160149026395,
BH-00424,Tributary,425,FW low saline|cold,FW_resident,m,1,394.1,394.1,1.34630532142672,-1.94665740143235,2
BH-00424,Tributary,425,FW low saline|cold,FW_resident,m,2,266.7,660.8,1.35485978175457,-2.01422651040413,2
BH-00670,WRB,680,BW int saline|cold,BW-resident,f,1,512.9,512.9,-0.0841785905263482,0.292457995629956,U
BH-00670,WRB,680,BW int saline|cold,BW-resident,f,2,260.9,773.8,0.777042864318751,0.492781390900779,U
BH-00670,WRB,680,BW int saline|cold,BW-resident,f,3,229.3,1003.1,0.349275793026679,0.778619758784706,U
BH-00670,WRB,680,BW int saline|cold,BW-resident,f,4,217,1220.1,1.40138761304734,0.800111391074532,U
BH-00681,NRB,630,BW Low saline|shift,Trans-habitat,m,1,584.7,584.7,-0.986214566730512,-0.0900798149981437,4
BH-00681,NRB,630,BW Low saline|shift,Trans-habitat,m,2,272.2,856.9,0.632079067586387,-0.073092553464121,4
BH-00685,NRB,720,BW Low saline|shift,Trans-habitat,m,1,563.4,563.4,0.323574013039891,-0.675601849255917,3
BH-00685,NRB,720,BW Low saline|shift,Trans-habitat,m,2,211.5,774.9,0.380698617098677,-0.328496426343675,3
BH-00685,NRB,720,BW Low saline|shift,Trans-habitat,m,3,270.5,1045.4,0.36440789515878,0.282298900461005,3
BH-00689,NRB,600,BW high saline|warm,BW-resident,m,1,561,561,-1.62878887847915,0.495736404947937,3
BH-00689,NRB,600,BW high saline|warm,BW-resident,m,2,316.1,877.1,-0.0211200121307695,0.184528011102795,3
BH-00696,NRB,790,BW int saline|cold,BW-resident,f,1,499.4,499.4,-0.217453798456344,-0.0143007616028929,4
BH-00696,NRB,790,BW int saline|cold,BW-resident,f,2,203.5,702.9,0.300407396063113,0.759905250141102,4
BH-00696,NRB,790,BW int saline|cold,BW-resident,f,3,184.2,887.1,-0.830025449349443,1.34915683882848,4
BH-00696,NRB,790,BW int saline|cold,BW-resident,f,4,155.1,1042.2,-0.24584179003584,1.49806059136401,4
BH-00729,WRB,770,BW high saline|cold,BW-resident,f,1,461,461,-0.45790954433332,0.257605620268267,3
BH-00729,WRB,770,BW high saline|cold,BW-resident,f,2,347.4,808.4,-0.108212782766947,0.974296405328818,3
BH-00729,WRB,770,BW high saline|cold,BW-resident,f,3,221.9,1030.3,0.02075749744235,1.03516752974448,3
BH-00729,WRB,770,BW high saline|cold,BW-resident,f,4,205.3,1235.6,0.45059662588048,0.938623458271111,3
BH-00730,WRB,758,BW high saline|warm,BW-resident,m,1,491.2,491.2,-1.08365139816605,0.214019372258297,U
BH-00730,WRB,758,BW high saline|warm,BW-resident,m,2,393.6,884.8,-2.20682264714256,1.23776628980289,U
BH-00730,WRB,758,BW high saline|warm,BW-resident,m,3,146.7,1031.5,-2.22292579109,1.74879002301609,U
BH-00730,WRB,758,BW high saline|warm,BW-resident,m,4,147.6,1179.1,-2.50938902884712,2.03014113985632,U
BH-00730,WRB,758,BW high saline|warm,BW-resident,m,5,123.8,1302.9,-1.11321440557287,1.79086830485285,U
BH-00730,WRB,758,BW high saline|warm,BW-resident,m,6,132.9,1435.8,-2.48667177694839,2.15283731228139,U
BH-00730,WRB,758,BW high saline|warm,BW-resident,m,7,87.6,1523.4,-2.04706191961071,1.55657754906147,U
BH-00732,WRB,617,BW Low saline|shift,Trans-habitat,f,1,510,510,-0.509826588256173,-0.256878139749017,3
BH-00742,GB,550,BW Low saline|shift,Trans-habitat,m,1,607.4,607.4,-0.707709045262903,-1.28323743188684,
BH-00750,GB,560,BW Low saline|shift,Trans-habitat,f,1,696.7,696.7,-1.46406614372694,-1.85133530165713,1
BH-01555,NRB,760,BW high saline|warm,BW-resident,f,1,424,424,1.25831137615403,-0.204469414292179,U
BH-01555,NRB,760,BW high saline|warm,BW-resident,f,2,458,882,-0.161258209168224,0.273662552143051,U
BH-01555,NRB,760,BW high saline|warm,BW-resident,f,3,250.7,1132.7,-0.367911252297601,1.07262036989056,U
BH-01555,NRB,760,BW high saline|warm,BW-resident,f,4,205.9,1338.6,-0.744087055222664,1.50173286741266,U
BH-01555,NRB,760,BW high saline|warm,BW-resident,f,5,131.1,1469.7,-1.05719474983259,1.41093340475842,U
BH-01556,NRB,1110,BW int saline|cold,BW-resident,f,1,378.8,378.8,0.801484720101671,0.248384736055219,
BH-01556,NRB,1110,BW int saline|cold,BW-resident,f,2,224.6,603.4,1.14115332981489,0.0285130753399719,
BH-01556,NRB,1110,BW int saline|cold,BW-resident,f,3,191,794.4,0.849601337332558,0.316606877655931,
BH-01556,NRB,1110,BW int saline|cold,BW-resident,f,4,162.5,956.9,1.18810381019261,0.555546299147385,
BH-01556,NRB,1110,BW int saline|cold,BW-resident,f,5,144.4,1101.3,1.51911510029174,0.256330952849276,
BH-01556,NRB,1110,BW int saline|cold,BW-resident,f,6,132.6,1233.9,0.987404108524545,0.597267886728142,
BH-01556,NRB,1110,BW int saline|cold,BW-resident,f,7,103.8,1337.7,1.10666006014937,0.93570879227011,
BH-01556,NRB,1110,BW int saline|cold,BW-resident,f,8,144.4,1482.1,0.992759790593405,1.16734180169943,
BH-01556,NRB,1110,BW int saline|cold,BW-resident,f,9,114.3,1596.4,0.509050352857813,1.17682039032058,
BH-01556,NRB,1110,BW int saline|cold,BW-resident,f,10,109.3,1705.7,-0.30144421236129,1.22634601586608,
BH-01560,NRB,820,BW int saline|cold,BW-resident,f,1,521.2,521.2,-0.785744021735088,0.134449166980149,3
BH-01560,NRB,820,BW int saline|cold,BW-resident,f,2,203,724.2,1.05855887045233,-0.170902211366064,3
BH-01560,NRB,820,BW int saline|cold,BW-resident,f,3,173.6,897.8,1.64537034373847,-0.0196618513270176,3
BH-01560,NRB,820,BW int saline|cold,BW-resident,f,4,167.2,1065,1.39378275837174,0.404978918900446,3
BH-01560,NRB,820,BW int saline|cold,BW-resident,f,5,160.7,1225.7,-0.180725578266482,1.01976017686814,3
BH-01560,NRB,820,BW int saline|cold,BW-resident,f,6,113,1338.7,0.846171429089561,1.03811072443869,3
BH-01567,NRB,460,BW Low saline|shift,Trans-habitat,m,1,476.7,476.7,-0.955219403504377,0.127764806103004,U
BH-01567,NRB,460,BW Low saline|shift,Trans-habitat,m,2,269.1,745.8,1.87605606656022,-0.0061062386132363,U
BH-01569,NRB,550,BW Low saline|shift,Trans-habitat,m,1,552.4,552.4,-0.0591272992938081,-0.264148105708628,3
BH-01569,NRB,550,BW Low saline|shift,Trans-habitat,m,2,263.4,815.8,0.353989355543643,0.0291884247792263,3
BH-01570,NRB,980,BW high saline|cold,BW-resident,f,1,423.1,423.1,2.31104067102959,-0.696226273307109,U
BH-01570,NRB,980,BW high saline|cold,BW-resident,f,2,188.3,611.4,1.8387480010647,0.251710140896469,U
BH-01570,NRB,980,BW high saline|cold,BW-resident,f,3,179.8,791.2,0.881897923485677,0.533129437058371,U
BH-01570,NRB,980,BW high saline|cold,BW-resident,f,4,209.4,1000.6,0.506377729682901,0.926149635645677,U
BH-01570,NRB,980,BW high saline|cold,BW-resident,f,5,150,1150.6,1.03067677692285,1.28977357138927,U
BH-01570,NRB,980,BW high saline|cold,BW-resident,f,6,129.6,1280.2,1.0622376084246,1.09274530925098,U
BH-01570,NRB,980,BW high saline|cold,BW-resident,f,7,144.4,1424.6,1.28749803351443,0.961182499189441,U
BH-01570,NRB,980,BW high saline|cold,BW-resident,f,8,143,1567.6,0.460806981831669,1.79090023273031,U
BH-01570,NRB,980,BW high saline|cold,BW-resident,f,9,140.9,1708.5,1.52137978471813,1.46165197838609,U
BH-01570,NRB,980,BW high saline|cold,BW-resident,f,10,128.8,1837.3,1.20456816848603,1.53932224171596,U
BH-01571,NRB,520,BW Low saline|shift,Trans-habitat,f,1,517.9,517.9,-0.847790596081115,-0.436482542901292,U
BH-01571,NRB,520,BW Low saline|shift,Trans-habitat,f,2,281.3,799.2,1.1344321000497,-0.203760346423108,U
BH-01576,NRB,570,BW int saline|cold,BW-resident,f,1,591.4,591.4,1.34762830357766,-0.544778533238231,U
BH-01576,NRB,570,BW int saline|cold,BW-resident,f,2,275.5,866.9,1.65120177715143,0.421872636122909,U
BH-01580,NRB,490,BW Low saline|shift,Trans-habitat,f,1,690.9,690.9,-1.17127609463031,-0.283096005265945,4
BH-01580,NRB,490,BW Low saline|shift,Trans-habitat,f,2,309,999.9,1.33907550145395,0.00757450851475356,4
BH-01582,NRB,830,BW int saline|cold,BW-resident,f,1,434.6,434.6,-0.461907281614227,-0.337774844707183,
BH-01582,NRB,830,BW int saline|cold,BW-resident,f,2,245.4,680,0.613133336127398,0.33692727630236,
BH-01582,NRB,830,BW int saline|cold,BW-resident,f,3,208.6,888.6,0.490896205395172,0.463579715087972,
BH-01582,NRB,830,BW int saline|cold,BW-resident,f,4,163.3,1051.9,1.32007238021311,0.336967964877907,
BH-01582,NRB,830,BW int saline|cold,BW-resident,f,5,117.7,1169.6,0.536293617486553,0.690917883539013,
BH-01582,NRB,830,BW int saline|cold,BW-resident,f,6,116.8,1286.4,0.840684264251021,0.938507865726948,
BH-01582,NRB,830,BW int saline|cold,BW-resident,f,7,136.2,1422.6,0.55088462478497,0.799784482863152,
BH-01585,NRB,760,BW high saline|warm,BW-resident,m,1,386.4,386.4,-2.06562415327676,-0.293314859747254,4
BH-01585,NRB,760,BW high saline|warm,BW-resident,m,2,212.2,598.6,-0.611755879421914,0.485984097900282,4
BH-01585,NRB,760,BW high saline|warm,BW-resident,m,3,167.1,765.7,-0.487087667505625,0.493503520285615,4
BH-01585,NRB,760,BW high saline|warm,BW-resident,m,4,142.9,908.6,-0.635138058289772,0.849782001209174,4
BH-01585,NRB,760,BW high saline|warm,BW-resident,m,5,122.5,1031.1,-0.127081446395992,1.05187002422569,4
BH-01585,NRB,760,BW high saline|warm,BW-resident,m,6,169.1,1200.2,0.194051980419,1.30222211777837,4
BH-01585,NRB,760,BW high saline|warm,BW-resident,m,7,111.3,1311.5,0.137960957570942,1.42444174762764,4
BH-01585,NRB,760,BW high saline|warm,BW-resident,m,8,102.2,1413.7,-0.333144375906655,1.23718094538277,4
BH-01585,NRB,760,BW high saline|warm,BW-resident,m,9,101.4,1515.1,-1.09701113723841,1.36541722219966,4
BH-01588,NRB,1050,BW int saline|cold,BW-resident,f,1,437.7,437.7,-0.172383337355631,0.293493703864362,4
BH-01588,NRB,1050,BW int saline|cold,BW-resident,f,2,214.4,652.1,0.408885713863047,0.0166678775727094,4
BH-01588,NRB,1050,BW int saline|cold,BW-resident,f,3,167.7,819.8,0.64888180095566,-0.0387308273068938,4
BH-01588,NRB,1050,BW int saline|cold,BW-resident,f,4,149.5,969.3,1.4449055880332,-0.0136247194975433,4
BH-01588,NRB,1050,BW int saline|cold,BW-resident,f,5,138.4,1107.7,1.12845326005607,0.491270531462975,4
BH-01588,NRB,1050,BW int saline|cold,BW-resident,f,6,110.2,1217.9,1.83741303088496,0.544707897620203,4
BH-01588,NRB,1050,BW int saline|cold,BW-resident,f,7,119.9,1337.8,2.4058764103009,0.0614068158645271,4
BH-01588,NRB,1050,BW int saline|cold,BW-resident,f,8,149.5,1487.3,1.65563026738189,0.43874456805778,4
BH-01588,NRB,1050,BW int saline|cold,BW-resident,f,9,138.4,1625.7,1.47019553676972,0.247551019537762,4
BH-01588,NRB,1050,BW int saline|cold,BW-resident,f,10,148.3,1774,1.47076046519438,0.327633635751869,4
BH-01594,NRB,630,BW high saline|warm,BW-resident,f,1,569,569,-1.84636310876672,-0.0721594952032241,3
BH-01594,NRB,630,BW high saline|warm,BW-resident,f,2,300,869,-0.978795345322005,0.431708538812081,3
BH-01595,NRB,690,BW Low saline|shift,Trans-habitat,m,1,518.8,518.8,-0.349795431448973,-0.425440230198388,4
BH-01595,NRB,690,BW Low saline|shift,Trans-habitat,m,2,256.2,775,0.225340343631934,-0.0943703634591638,4
BH-01595,NRB,690,BW Low saline|shift,Trans-habitat,m,3,199.5,974.5,-0.318610125375131,0.599341687026465,4
BH-01595,NRB,690,BW Low saline|shift,Trans-habitat,m,4,208.4,1182.9,0.0886603307688215,0.864411279506761,4
BH-01596,NRB,660,BW Low saline|shift,Trans-habitat,f,1,556.4,556.4,-0.12157350077634,-0.490030629963289,U
BH-01596,NRB,660,BW Low saline|shift,Trans-habitat,f,2,277.1,833.5,0.780621564297822,0.190281777689957,U
BH-01598,NRB,750,BW int saline|cold,BW-resident,f,1,536.1,536.1,0.414522689990298,-0.159320658887529,U
BH-01598,NRB,750,BW int saline|cold,BW-resident,f,2,238.5,774.6,1.10952246370145,0.036386397273927,U
BH-01598,NRB,750,BW int saline|cold,BW-resident,f,3,211.3,985.9,0.746640125554249,0.446666654378979,U
BH-01598,NRB,750,BW int saline|cold,BW-resident,f,4,294.9,1280.8,1.02761564183807,0.972804409482474,U
BH-01713,WRB,980,BW int saline|cold,BW-resident,f,1,656.1,656.1,0.877003986903117,-0.178685648068684,3
BH-01713,WRB,980,BW int saline|cold,BW-resident,f,2,233,889.1,1.09010041642097,-0.211948945579247,3
BH-01713,WRB,980,BW int saline|cold,BW-resident,f,3,182.3,1071.4,1.05705599174232,0.145569946048014,3
BH-01713,WRB,980,BW int saline|cold,BW-resident,f,4,178.1,1249.5,0.615322305894838,0.627865247707333,3
BH-01713,WRB,980,BW int saline|cold,BW-resident,f,5,167.1,1416.6,0.232695192898272,0.651500913219989,3
BH-01713,WRB,980,BW int saline|cold,BW-resident,f,6,124,1540.6,0.0617561780220417,0.952001979392856,3
BH-01713,WRB,980,BW int saline|cold,BW-resident,f,7,108.8,1649.4,-0.251359025934256,1.02583005041158,3
BH-01717,NRB,1040,BW int saline|cold,BW-resident,f,1,445.4,445.4,0.370865486243073,-0.11781003249115,3
BH-01717,NRB,1040,BW int saline|cold,BW-resident,f,2,202.6,648,0.729146746691556,0.22173592718759,3
BH-01717,NRB,1040,BW int saline|cold,BW-resident,f,3,129,777,1.35711647852624,0.14746753972988,3
BH-01717,NRB,1040,BW int saline|cold,BW-resident,f,4,128.6,905.6,1.01322987040618,0.662679869843423,3
BH-01717,NRB,1040,BW int saline|cold,BW-resident,f,5,137,1042.6,0.389399940540706,0.674141670852996,3
BH-01717,NRB,1040,BW int saline|cold,BW-resident,f,6,164.3,1206.9,0.672702492340011,0.485401097739877,3
BH-01717,NRB,1040,BW int saline|cold,BW-resident,f,7,134.2,1341.1,1.46949938849376,0.267349812121366,3
BH-01717,NRB,1040,BW int saline|cold,BW-resident,f,8,106.8,1447.9,2.04118292778195,0.406845471736609,3
BH-01717,NRB,1040,BW int saline|cold,BW-resident,f,9,74,1521.9,1.96529678734175,0.835890140061898,3
BH-01717,NRB,1040,BW int saline|cold,BW-resident,f,10,71.2,1593.1,0.810649271045652,1.07978637732074,3
BH-01717,NRB,1040,BW int saline|cold,BW-resident,f,11,136.9,1730,0.436700098539801,1.22163953205458,3
BH-01717,NRB,1040,BW int saline|cold,BW-resident,f,12,101.5,1831.5,0.478983457263017,0.85502230663258,3
BH-01719,WRB,550,BW Low saline|shift,Trans-habitat,f,1,595,595,0.308859186449352,-0.0300525823893907,U
BH-01722,NRB,950,BW high saline|cold,BW-resident,f,1,405.7,405.7,1.23786887823674,0.280990230269401,U
BH-01722,NRB,950,BW high saline|cold,BW-resident,f,2,193.6,599.3,0.777487126288243,0.249296746409087,U
BH-01722,NRB,950,BW high saline|cold,BW-resident,f,3,141.5,740.8,1.44509926611062,0.402441573638777,U
BH-01722,NRB,950,BW high saline|cold,BW-resident,f,4,157.3,898.1,1.97495630955348,0.678185868664688,U
BH-01722,NRB,950,BW high saline|cold,BW-resident,f,5,159.3,1057.4,2.02621800716279,1.30143952661529,U
BH-01722,NRB,950,BW high saline|cold,BW-resident,f,6,95.8,1153.2,0.506241067310181,1.10356548272313,U
BH-01722,NRB,950,BW high saline|cold,BW-resident,f,7,168.1,1321.3,0.883296418390088,1.08714078992781,U
BH-01722,NRB,950,BW high saline|cold,BW-resident,f,8,108.5,1429.8,1.84024774870863,0.924565982223746,U
BH-01722,NRB,950,BW high saline|cold,BW-resident,f,9,112.1,1541.9,2.05299681876107,1.02221488828028,U
BH-01722,NRB,950,BW high saline|cold,BW-resident,f,10,100.1,1642,2.21080326642124,1.03745597270163,U
BH-01722,NRB,950,BW high saline|cold,BW-resident,f,11,102.9,1744.9,1.41641745695734,0.879608307271436,U
BH-01722,NRB,950,BW high saline|cold,BW-resident,f,12,77.9,1822.8,1.55130906523137,1.00570756163546,U
BH-01722,NRB,950,BW high saline|cold,BW-resident,f,13,74.5,1897.3,1.07894487212816,0.902881887947367,U
BH-01731,WRB,950,BW high saline|cold,BW-resident,m,1,462.1,462.1,-0.32884502060733,0.242988715421696,U
BH-01731,WRB,950,BW high saline|cold,BW-resident,m,2,201.9,664,0.234154166058724,0.471536743973048,U
BH-01731,WRB,950,BW high saline|cold,BW-resident,m,3,157,821,-0.237255098406119,1.15868606446727,U
BH-01731,WRB,950,BW high saline|cold,BW-resident,m,4,148,969,-1.03534008031004,1.71808076959206,U
BH-01731,WRB,950,BW high saline|cold,BW-resident,m,5,124.5,1093.5,-0.623958314019609,1.57430706471118,U
BH-01731,WRB,950,BW high saline|cold,BW-resident,m,6,164,1257.5,-0.998996171019677,1.5867858326872,U
BH-01731,WRB,950,BW high saline|cold,BW-resident,m,7,161.5,1419,-0.160770627799137,1.26181585608236,U
BH-01731,WRB,950,BW high saline|cold,BW-resident,m,8,155.1,1574.1,-0.180626580756172,1.27744865876477,U
BH-01737,WRB,1130,BW high saline|warm,BW-resident,f,1,430.6,430.6,0.680782761567474,0.548118616907303,4
BH-01737,WRB,1130,BW high saline|warm,BW-resident,f,2,194.1,624.7,-1.49899533427578,0.925976312882318,4
BH-01737,WRB,1130,BW high saline|warm,BW-resident,f,3,249.1,873.8,-1.42661973867632,0.517262403609691,4
BH-01737,WRB,1130,BW high saline|warm,BW-resident,f,4,163.7,1037.5,-0.858275894227897,1.18086272958548,4
BH-01737,WRB,1130,BW high saline|warm,BW-resident,f,5,143.9,1181.4,-0.457451901235405,1.08376374914241,4
BH-01737,WRB,1130,BW high saline|warm,BW-resident,f,6,120.6,1302,-0.859378829133163,1.39498218799044,4
BH-01737,WRB,1130,BW high saline|warm,BW-resident,f,7,94.8,1396.8,-0.974826859653357,1.09011509383596,4
BH-01737,WRB,1130,BW high saline|warm,BW-resident,f,8,47.2,1444,-1.66760114404143,1.343351758207,4
BH-01738,WRB,860,BW high saline|warm,BW-resident,f,1,430.9,430.9,-1.96507973895939,-0.0858940710637274,4
BH-01738,WRB,860,BW high saline|warm,BW-resident,f,2,200.2,631.1,-0.809885889076172,0.00344304873744693,4
BH-01738,WRB,860,BW high saline|warm,BW-resident,f,3,250.1,881.2,-0.597634986541987,1.03360467831497,4
BH-01738,WRB,860,BW high saline|warm,BW-resident,f,4,158.5,1039.7,-1.03911611195147,1.15244509048475,4
BH-01738,WRB,860,BW high saline|warm,BW-resident,f,5,130.9,1170.6,-2.1437723809672,1.61777845002329,4
BH-01738,WRB,860,BW high saline|warm,BW-resident,f,6,113.1,1283.7,-2.11584452492672,1.13483024272889,4
BH-01738,WRB,860,BW high saline|warm,BW-resident,f,7,118.1,1401.8,-2.85032676616695,2.05315624276543,4
BH-01758,WRB,682,BW high saline|warm,BW-resident,m,1,435.1,435.1,-1.20217442926773,0.188813999610841,
BH-01758,WRB,682,BW high saline|warm,BW-resident,m,2,388.5,823.6,-0.634731450847574,0.141898945051795,
BH-01758,WRB,682,BW high saline|warm,BW-resident,m,3,147.6,971.2,-0.186642714084842,0.740577315264686,
BH-01758,WRB,682,BW high saline|warm,BW-resident,m,4,132,1103.2,-0.273192806672977,0.5965540038374,
BH-01758,WRB,682,BW high saline|warm,BW-resident,m,5,140.1,1243.3,-0.111548218589381,0.863144859332071,
BH-01758,WRB,682,BW high saline|warm,BW-resident,m,6,107.1,1350.4,-0.475469232591779,0.991657442496791,
BH-01758,WRB,682,BW high saline|warm,BW-resident,m,7,79.6,1430,-0.18628824740667,1.02243979948915,
BH-01789,WRB,600,BW Low saline|shift,Trans-habitat,m,1,318.1,318.1,-0.537518637488616,-0.474087263490928,4
BH-01789,WRB,600,BW Low saline|shift,Trans-habitat,m,2,225.2,543.3,-0.460507780286269,-0.170091692613205,4
BH-01789,WRB,600,BW Low saline|shift,Trans-habitat,m,3,254.5,797.8,0.0486930436446131,0.03212040743252,4
BH-01802,WRB,638,BW high saline|warm,BW-resident,m,1,450.2,450.2,-0.960783771199924,-0.0769272031230698,U
BH-01802,WRB,638,BW high saline|warm,BW-resident,m,2,218,668.2,-0.232883968404739,0.602246693761939,U
BH-01802,WRB,638,BW high saline|warm,BW-resident,m,3,158.2,826.4,-0.405506704881438,0.9853335353149,U
BH-01803,WRB,600,BW int saline|cold,BW-resident,m,1,314.1,314.1,0.298545628456378,-0.366597452945876,4
BH-01803,WRB,600,BW int saline|cold,BW-resident,m,2,186,500.1,1.19405833418676,-0.319457874018513,4
BH-01803,WRB,600,BW int saline|cold,BW-resident,m,3,206.6,706.7,0.720016588834499,0.274004168214578,4
BH-01803,WRB,600,BW int saline|cold,BW-resident,m,4,203.2,909.9,0.397958699127812,0.803328792461007,4
BH-01809,WRB,520,BW int saline|cold,BW-resident,m,1,411.7,411.7,-0.321726063364395,-0.193965197246088,U
BH-01809,WRB,520,BW int saline|cold,BW-resident,m,2,120.5,532.2,0.686196406664712,0.491313063591402,U
BH-01809,WRB,520,BW int saline|cold,BW-resident,m,3,228.5,760.7,1.21484733750237,0.0563022660510495,U
BH-01812,WRB,1020,BW high saline|warm,BW-resident,f,1,421.5,421.5,-0.729823758444552,-0.059319381818088,4
BH-01812,WRB,1020,BW high saline|warm,BW-resident,f,2,211.7,633.2,-0.895923716875569,-0.272888237486063,4
BH-01812,WRB,1020,BW high saline|warm,BW-resident,f,3,213,846.2,-0.317311714254213,-0.185581919875152,4
BH-01812,WRB,1020,BW high saline|warm,BW-resident,f,4,292.3,1138.5,-0.778404369762736,0.535524231489595,4
BH-01812,WRB,1020,BW high saline|warm,BW-resident,f,5,133.8,1272.3,-0.552204510740074,0.945212044565724,4
BH-01812,WRB,1020,BW high saline|warm,BW-resident,f,6,139,1411.3,-1.32076129129833,0.776432813647039,4
BH-01812,WRB,1020,BW high saline|warm,BW-resident,f,7,113,1524.3,-1.38797287768855,1.2404836209554,4
BH-01814,WRB,780,BW high saline|warm,BW-resident,m,1,326.3,326.3,-1.12466148025018,0.428925070348698,4
BH-01814,WRB,780,BW high saline|warm,BW-resident,m,2,262.4,588.7,-1.16532907062755,0.73737948100324,4
BH-01814,WRB,780,BW high saline|warm,BW-resident,m,3,282.1,870.8,-1.09523540688941,0.906316626539898,4
BH-01814,WRB,780,BW high saline|warm,BW-resident,m,4,272.7,1143.5,-0.984438864168301,1.3729570486349,4
BH-01814,WRB,780,BW high saline|warm,BW-resident,m,5,211.8,1355.3,-1.47297582505185,1.47136439421086,4
BH-01814,WRB,780,BW high saline|warm,BW-resident,m,6,203.1,1558.4,-1.1052171102119,1.1047345679313,4
BH-01819,WRB,680,BW high saline|warm,BW-resident,m,1,396.1,396.1,-2.23365525403346,0.472025994294154,
BH-01819,WRB,680,BW high saline|warm,BW-resident,m,2,371.2,767.3,-0.450120648833363,0.631920457807232,
BH-01819,WRB,680,BW high saline|warm,BW-resident,m,3,148.7,916,-0.493219888410336,0.699163978217307,
BH-01819,WRB,680,BW high saline|warm,BW-resident,m,4,272,1188,-0.94301673730944,0.985466643236828,
BH-01835,WRB,820,BW high saline|warm,BW-resident,m,1,410.2,410.2,-0.336191208312771,-0.100344280811755,4
BH-01835,WRB,820,BW high saline|warm,BW-resident,m,2,263.5,673.7,-0.388234846186035,0.36851233648478,4
BH-01835,WRB,820,BW high saline|warm,BW-resident,m,3,152.1,825.8,0.324235654907722,0.764093437455687,4
BH-01835,WRB,820,BW high saline|warm,BW-resident,m,4,192.5,1018.3,-0.660357749597965,0.783058812396251,4
BH-01835,WRB,820,BW high saline|warm,BW-resident,m,5,104.3,1122.6,-0.42764920854843,0.919968571152403,4
BH-01835,WRB,820,BW high saline|warm,BW-resident,m,6,92,1214.6,-0.244662204594629,1.18757559966142,4
BH-01835,WRB,820,BW high saline|warm,BW-resident,m,7,147,1361.6,-0.539600968245119,1.55493153754103,4
BH-01846,NRB,880,BW high saline|cold,BW-resident,f,1,563.6,563.6,0.370120663626274,0.464174058923605,U
BH-01846,NRB,880,BW high saline|cold,BW-resident,f,2,232.8,796.4,-0.476779795118797,1.04358045039484,U
BH-01846,NRB,880,BW high saline|cold,BW-resident,f,3,122.8,919.2,0.443861192913424,1.32323750283555,U
BH-01846,NRB,880,BW high saline|cold,BW-resident,f,4,109.6,1028.8,0.357247894585878,1.47233570184621,U
BH-01846,NRB,880,BW high saline|cold,BW-resident,f,5,135.9,1164.7,-0.197579253520127,1.62493420822626,U
BH-01846,NRB,880,BW high saline|cold,BW-resident,f,6,210.4,1375.1,-0.219244557048707,1.302226631392,U
BH-01846,NRB,880,BW high saline|cold,BW-resident,f,7,138.4,1513.5,-0.0792315177220682,1.28044844563151,U
BH-01846,NRB,880,BW high saline|cold,BW-resident,f,8,120.3,1633.8,-0.256597215591889,1.71290679466459,U
BH-01846,NRB,880,BW high saline|cold,BW-resident,f,9,86.2,1720,1.60246586362861,1.51871308188541,U
BH-01846,NRB,880,BW high saline|cold,BW-resident,f,10,162.8,1882.8,1.23896396966601,1.20361094401621,U
BH-01846,NRB,880,BW high saline|cold,BW-resident,f,11,102.9,1985.7,1.23735164872555,1.05683499921772,U
BH-01846,NRB,880,BW high saline|cold,BW-resident,f,12,145.1,2130.8,0.855883077888869,1.22768655911393,U
BH-01850,NRB,910,BW int saline|cold,BW-resident,f,1,564,564,1.02853911096995,-0.582127720540336,
BH-01850,NRB,910,BW int saline|cold,BW-resident,f,2,332.5,896.5,2.50164591238138,-0.452039751834836,
BH-01850,NRB,910,BW int saline|cold,BW-resident,f,3,161.9,1058.4,1.95040656593118,-0.0831245333845056,
BH-01850,NRB,910,BW int saline|cold,BW-resident,f,4,181.9,1240.3,2.14556430625744,0.185707568797872,
BH-01850,NRB,910,BW int saline|cold,BW-resident,f,5,159.7,1400,1.49481405037916,0.271750850916441,
BH-01850,NRB,910,BW int saline|cold,BW-resident,f,6,96.6,1496.6,0.919479967812873,0.768044794995016,
BH-01855,WRB,722,BW high saline|warm,BW-resident,m,1,376.8,376.8,-0.92732935596535,-0.0111326261058615,
BH-01855,WRB,722,BW high saline|warm,BW-resident,m,2,246.1,622.9,-0.708124937597621,0.418844739969091,
BH-01855,WRB,722,BW high saline|warm,BW-resident,m,3,156.2,779.1,-0.672027068201752,0.985404355368746,
BH-01855,WRB,722,BW high saline|warm,BW-resident,m,4,156.2,935.3,-1.43001037590592,1.58244079271493,
BH-01855,WRB,722,BW high saline|warm,BW-resident,m,5,136.2,1071.5,-0.408326934819374,1.08304103994838,
BH-01855,WRB,722,BW high saline|warm,BW-resident,m,6,170,1241.5,-0.827270275419057,1.45936808988976,
BH-01855,WRB,722,BW high saline|warm,BW-resident,m,7,104.7,1346.2,-0.83936579640514,1.39149838628658,
BH-01855,WRB,722,BW high saline|warm,BW-resident,m,8,120.5,1466.7,-1.44843920518674,1.62201615701504,
BH-01860,WRB,940,BW high saline|warm,BW-resident,f,1,455.5,455.5,0.169406253481719,-0.30438992641705,4
BH-01860,WRB,940,BW high saline|warm,BW-resident,f,2,263.7,719.2,0.1767034033106,-0.0551624037403861,4
BH-01860,WRB,940,BW high saline|warm,BW-resident,f,3,248.1,967.3,-0.57891269000331,0.416927827885211,4
BH-01860,WRB,940,BW high saline|warm,BW-resident,f,4,210.4,1177.7,-0.462900981116167,0.572082315165804,4
BH-01860,WRB,940,BW high saline|warm,BW-resident,f,5,123.4,1301.1,-1.22667495169702,1.07596078936568,4
BH-01860,WRB,940,BW high saline|warm,BW-resident,f,6,139,1440.1,-1.73361348771287,1.26353573911912,4
BH-01860,WRB,940,BW high saline|warm,BW-resident,f,7,176.6,1616.7,-2.76598960119105,1.51551783592413,4
BH-01867,WRB,820,BW int saline|cold,BW-resident,f,1,464.2,464.2,-0.57538302539356,-0.265467302219079,4
BH-01867,WRB,820,BW int saline|cold,BW-resident,f,2,226.1,690.3,1.00763719287803,0.197429614879331,4
BH-01867,WRB,820,BW int saline|cold,BW-resident,f,3,204.4,894.7,0.623839378224718,0.373762767041457,4
BH-01867,WRB,820,BW int saline|cold,BW-resident,f,4,221.3,1116,0.232090303720431,0.888163665158168,4
BH-01867,WRB,820,BW int saline|cold,BW-resident,f,5,152.8,1268.8,-0.149553651229205,1.11273207185284,4
BH-01867,WRB,820,BW int saline|cold,BW-resident,f,6,84.4,1353.2,-0.106392099405066,1.14577906576283,4
BH-01868,WRB,1010,BW high saline|warm,BW-resident,f,1,387.6,387.6,-0.920501453191472,0.192162730689608,U
BH-01868,WRB,1010,BW high saline|warm,BW-resident,f,2,246.2,633.8,-1.35817364245324,0.300151097885704,U
BH-01868,WRB,1010,BW high saline|warm,BW-resident,f,3,128,761.8,-1.59374027104285,0.802302768431109,U
BH-01868,WRB,1010,BW high saline|warm,BW-resident,f,4,148.8,910.6,-1.62042209348258,0.736997151378182,U
BH-01868,WRB,1010,BW high saline|warm,BW-resident,f,5,152.3,1062.9,-1.41012351611774,0.982466577010896,U
BH-01868,WRB,1010,BW high saline|warm,BW-resident,f,6,107.1,1170,-0.431931028885164,1.12763394956397,U
BH-01868,WRB,1010,BW high saline|warm,BW-resident,f,7,95.8,1265.8,-1.97160994894248,1.4327726393558,U
BH-01868,WRB,1010,BW high saline|warm,BW-resident,f,8,51.8,1317.6,-2.16373378032014,1.44609965886025,U
BH-01868,WRB,1010,BW high saline|warm,BW-resident,f,9,132.5,1450.1,-2.92509902182036,1.74575687465732,U
BH-01869,WRB,730,BW high saline|warm,BW-resident,f,1,518.7,518.7,-1.49409181030533,1.53345777479523,4
BH-01869,WRB,730,BW high saline|warm,BW-resident,f,2,187.8,706.5,-1.10186233013242,1.54797951678802,4
BH-01869,WRB,730,BW high saline|warm,BW-resident,f,3,158.5,865,-0.0424254995276782,1.59498918023752,4
BH-01882,GB,670,BW Low saline|shift,Trans-habitat,f,1,522.1,522.1,-0.276840017581567,-0.490459606591329,4
BH-01882,GB,670,BW Low saline|shift,Trans-habitat,f,2,267.3,789.4,0.47143696558051,0.0992968055155543,4
BH-01883,GB,870,BW int saline|cold,BW-resident,f,1,444.7,444.7,-0.88710500150839,0.0600378207610144,3
BH-01883,GB,870,BW int saline|cold,BW-resident,f,2,250.9,695.6,0.458994898767775,-0.203112683284306,3
BH-01883,GB,870,BW int saline|cold,BW-resident,f,3,196.4,892,0.702320436598034,0.566854717742599,3
BH-01883,GB,870,BW int saline|cold,BW-resident,f,4,138.3,1030.3,0.246145555612133,0.567908921745339,3
BH-01883,GB,870,BW int saline|cold,BW-resident,f,5,165.6,1195.9,0.395484932080604,0.564223831437507,3
BH-01885,GB,796,BW int saline|cold,BW-resident,f,1,496.7,496.7,0.260652339996878,-0.342702984208468,U
BH-01885,GB,796,BW int saline|cold,BW-resident,f,2,228.3,725,0.565061508957366,0.0410877772300175,U
BH-01889,GB,837,BW Low saline|shift,Trans-habitat,f,1,536.5,536.5,-0.212677574147526,-0.509250328447772,U
BH-01889,GB,837,BW Low saline|shift,Trans-habitat,f,2,298.7,835.2,0.588722798416905,0.0279162549052769,U
BH-01889,GB,837,BW Low saline|shift,Trans-habitat,f,3,200.2,1035.4,-0.379517125996145,0.417431873935418,U
BH-01889,GB,837,BW Low saline|shift,Trans-habitat,f,4,227.6,1263,-0.363587629933476,0.979967739242802,U
BH-01891,GB,870,BW high saline|warm,BW-resident,f,1,399.7,399.7,-1.76220831077243,0.356821276129194,U
BH-01891,GB,870,BW high saline|warm,BW-resident,f,2,218.5,618.2,-1.06372444138769,-0.223059137199253,U
BH-01891,GB,870,BW high saline|warm,BW-resident,f,3,141.3,759.5,-0.853866889966155,0.513713760645562,U
BH-01891,GB,870,BW high saline|warm,BW-resident,f,4,135.1,894.6,-1.21494381205828,0.679267230367134,U
BH-01891,GB,870,BW high saline|warm,BW-resident,f,5,117.1,1011.7,-0.661587692894433,1.02014666815611,U
BH-01891,GB,870,BW high saline|warm,BW-resident,f,6,126,1137.7,0.120991808651776,1.07456846232773,U
BH-01891,GB,870,BW high saline|warm,BW-resident,f,7,149.8,1287.5,-0.240423762959849,0.883893646708009,U
BH-01891,GB,870,BW high saline|warm,BW-resident,f,8,90.9,1378.4,-0.101781074409396,0.57418274740262,U
BH-01892,GB,635,BW int saline|cold,BW-resident,m,1,552.7,552.7,-0.215576533425874,-0.121405417277029,4
BH-01892,GB,635,BW int saline|cold,BW-resident,m,2,249.6,802.3,0.978644919176376,0.344538545677228,4
BH-01893,GB,650,BW Low saline|shift,Trans-habitat,m,1,472.7,472.7,-1.16757068698754,-0.320193327533372,U
BH-01893,GB,650,BW Low saline|shift,Trans-habitat,m,2,123,595.7,0.752971804978651,-0.172572673219532,U
BH-01893,GB,650,BW Low saline|shift,Trans-habitat,m,3,226.2,821.9,0.276262009408825,0.20494724515201,U
BH-01897,GB,600,BW Low saline|shift,Trans-habitat,m,1,584.8,584.8,-0.540540791215874,-0.595591516215366,3
BH-01897,GB,600,BW Low saline|shift,Trans-habitat,m,2,237.5,822.3,1.14039837336218,0.0794451561676369,3
BH-01898,GB,700,BW Low saline|shift,Trans-habitat,f,1,626.7,626.7,-1.32634052374689,-0.444669321413745,U
BH-01898,GB,700,BW Low saline|shift,Trans-habitat,f,2,230.5,857.2,0.386394282878213,-0.198145133307646,U
BH-01899,GB,760,BW Low saline|shift,Trans-habitat,f,1,477.7,477.7,-0.44862004609313,-0.545675288615127,4
BH-01899,GB,760,BW Low saline|shift,Trans-habitat,f,2,235.1,712.8,1.24857607007751,-0.144378412235913,4
BH-01900,GB,825,BW Low saline|shift,Trans-habitat,f,1,519,519,-0.319193500171794,-0.618864620932826,4
BH-01900,GB,825,BW Low saline|shift,Trans-habitat,f,2,247.7,766.7,0.64157452204933,-0.146271933124419,4
BH-01900,GB,825,BW Low saline|shift,Trans-habitat,f,3,280.5,1047.2,0.169436675784234,0.473137262308518,4
BH-01902,GB,500,BW high saline|warm,BW-resident,m,1,668.9,668.9,-1.52347918159669,-0.43006024848947,U
BH-01902,GB,500,BW high saline|warm,BW-resident,m,2,240.6,909.5,-0.823699790653765,0.593609853638058,U
BH-01903,GB,439,BW high saline|warm,BW-resident,f,1,629,629,-1.05743841981404,-0.172582581551186,
BH-01904,GB,404,BW high saline|warm,BW-resident,f,1,730,730,-0.546019760233427,-0.119677511196772,U
BH-01906,WRB,1230,BW high saline|cold,BW-resident,f,1,353.1,353.1,-0.00468832841528809,0.148752760463348,4
BH-01906,WRB,1230,BW high saline|cold,BW-resident,f,2,282.7,635.8,-0.849493381846806,0.925998958771392,4
BH-01906,WRB,1230,BW high saline|cold,BW-resident,f,3,143.8,779.6,-1.07296717914285,1.64602033250394,4
BH-01906,WRB,1230,BW high saline|cold,BW-resident,f,4,161.9,941.5,-0.0774319280101516,0.995593044363047,4
BH-01906,WRB,1230,BW high saline|cold,BW-resident,f,5,152.8,1094.3,0.593893354134116,1.15335598076498,4
BH-01906,WRB,1230,BW high saline|cold,BW-resident,f,6,146.6,1240.9,0.0157635134155486,0.815691611319536,4
BH-01906,WRB,1230,BW high saline|cold,BW-resident,f,7,132.7,1373.6,-0.244098696003006,1.01698196985849,4
BH-01906,WRB,1230,BW high saline|cold,BW-resident,f,8,117,1490.6,0.614525929245026,0.632436283194264,4
BH-01906,WRB,1230,BW high saline|cold,BW-resident,f,9,106,1596.6,-0.317547618504958,0.992314760091666,4
BH-01906,WRB,1230,BW high saline|cold,BW-resident,f,10,99.8,1696.4,0.0161320411755817,1.07040525641459,4
BH-01906,WRB,1230,BW high saline|cold,BW-resident,f,11,138.6,1835,-0.136852263276466,1.02154476631198,4
BH-01906,WRB,1230,BW high saline|cold,BW-resident,f,12,96.5,1931.5,-0.816133572242256,1.03611564495788,4
BH-01906,WRB,1230,BW high saline|cold,BW-resident,f,13,123.7,2055.2,-0.0612237378723311,1.22409566818826,4
BH-01922,WRB,1262,BW high saline|cold,BW-resident,f,1,349.2,349.2,-0.181104389979395,0.323657142144615,3
BH-01922,WRB,1262,BW high saline|cold,BW-resident,f,2,242.5,591.7,-0.502839441411477,0.674028656911749,3
BH-01922,WRB,1262,BW high saline|cold,BW-resident,f,3,187.3,779,-0.562626851509237,1.06530479519276,3
BH-01922,WRB,1262,BW high saline|cold,BW-resident,f,4,152.8,931.8,-0.790585037810378,1.23385441213812,3
BH-01922,WRB,1262,BW high saline|cold,BW-resident,f,5,161.8,1093.6,0.0770417469741563,1.09004391149396,3
BH-01922,WRB,1262,BW high saline|cold,BW-resident,f,6,147,1240.6,0.447645106217225,1.15947118793365,3
BH-01922,WRB,1262,BW high saline|cold,BW-resident,f,7,121.5,1362.1,0.934658119498878,1.01672161217302,3
BH-01922,WRB,1262,BW high saline|cold,BW-resident,f,8,124.8,1486.9,1.50875352123311,0.576622617988556,3
BH-01922,WRB,1262,BW high saline|cold,BW-resident,f,9,105.7,1592.6,1.29842164671188,0.990390092983466,3
BH-01922,WRB,1262,BW high saline|cold,BW-resident,f,10,95.1,1687.7,1.52937268480611,1.24767509707048,3
BH-01922,WRB,1262,BW high saline|cold,BW-resident,f,11,67.7,1755.4,0.571620845848998,1.70227723456802,3
BH-51614,Tributary,885,FW high saline|shift,Anadromous,f,1,328.8,328.8,-0.274740866058581,-1.69939260428306,2
BH-51614,Tributary,885,FW high saline|shift,Anadromous,f,2,198.4,527.2,-0.931945811929188,-1.33477446991076,2
BH-51614,Tributary,885,FW high saline|shift,Anadromous,f,3,300.4,827.6,0.11297560331817,-1.00001538329088,2
BH-51614,Tributary,885,FW high saline|shift,Anadromous,f,4,217.1,1044.7,-0.00418039443793093,-0.299223918579091,2
BH-51614,Tributary,885,FW high saline|shift,Anadromous,f,5,150.2,1194.9,0.130059307566824,-0.0530977163030942,2
BH-51614,Tributary,885,FW high saline|shift,Anadromous,f,6,153.3,1348.2,-0.189188837549217,-0.447285217440596,2
BH-51614,Tributary,885,FW high saline|shift,Anadromous,f,7,140.1,1488.3,0.801547643621424,0.549524523073376,2
BH-51614,Tributary,885,FW high saline|shift,Anadromous,f,8,123,1611.3,-0.299203389935059,0.733930751927778,2
BH-51614,Tributary,885,FW high saline|shift,Anadromous,f,9,137.3,1748.6,-0.58838502825719,0.960028983677247,2
BH-90307,WRB,900,BW high saline|warm,BW-resident,f,1,383.3,383.3,-0.431135774838226,-0.185741015411361,3
BH-90307,WRB,900,BW high saline|warm,BW-resident,f,2,169.4,552.7,-0.476620507203854,0.182852322868974,3
BH-90307,WRB,900,BW high saline|warm,BW-resident,f,3,197.7,750.4,0.725966231395606,-0.0573866340391838,3
BH-90307,WRB,900,BW high saline|warm,BW-resident,f,4,150.4,900.8,0.502705455356075,0.468411483433876,3
BH-90307,WRB,900,BW high saline|warm,BW-resident,f,5,114.6,1015.4,0.125861027710559,0.619945910905265,3
BH-90307,WRB,900,BW high saline|warm,BW-resident,f,6,117.1,1132.5,0.00954310827048115,0.610067834451503,3
BH-90307,WRB,900,BW high saline|warm,BW-resident,f,7,117.6,1250.1,-0.958539805957772,0.839514410908029,3
BH-90910,Tributary,604,FW int saline|shift,Anadromous,m,1,486.8,486.8,-0.149748769568468,-0.736897585813263,2
BH-90910,Tributary,604,FW int saline|shift,Anadromous,m,2,216.3,703.1,1.36651206301202,-0.318676116137945,2
BH-90910,Tributary,604,FW int saline|shift,Anadromous,m,3,160.2,863.3,1.54829428455822,-0.393355207715799,2
BH-90910,Tributary,604,FW int saline|shift,Anadromous,m,4,129.5,992.8,2.18751419756767,0.164573475702246,2
BH-90910,Tributary,604,FW int saline|shift,Anadromous,m,5,127.8,1120.6,1.28488837268138,0.533167351412858,2
BH-90928,Tributary,580,FW high saline|shift,Anadromous,m,1,376.2,376.2,-2.00080112376495,-1.0665355084228,1
BH-90928,Tributary,580,FW high saline|shift,Anadromous,m,2,265.7,641.9,-0.278196878786833,-0.228569944537132,1
BH-90928,Tributary,580,FW high saline|shift,Anadromous,m,3,251.1,893,0.505410566444953,0.149663655801181,1
BH-90946,Tributary,694,FW high saline|shift,Anadromous,m,1,409.7,409.7,-1.59295886127493,-1.0943012595911,U
BH-90946,Tributary,694,FW high saline|shift,Anadromous,m,2,210.1,619.8,0.507903402199468,-0.334403125786568,U
BH-90946,Tributary,694,FW high saline|shift,Anadromous,m,3,205.9,825.7,0.335256850337087,0.165840447047945,U
BH-90946,Tributary,694,FW high saline|shift,Anadromous,m,4,148.9,974.6,-0.0298448181089747,1.00915363620108,U
BH-90946,Tributary,694,FW high saline|shift,Anadromous,m,5,123,1097.6,-0.419967870001035,1.33854406937461,U
BH-90946,Tributary,694,FW high saline|shift,Anadromous,m,6,118,1215.6,-1.19427156827907,1.71749804244814,U
BH-90970,Tributary,634,FW high saline|const,Trans-habitat,m,1,337.4,337.4,-1.2114406942149,-0.798475351266263,1
BH-90970,Tributary,634,FW high saline|const,Trans-habitat,m,2,239.5,576.9,-0.19456409583419,-0.00532616307956929,1
BH-90970,Tributary,634,FW high saline|const,Trans-habitat,m,3,167,743.9,-0.328865184598293,0.866060800123949,1
BH-90970,Tributary,634,FW high saline|const,Trans-habitat,m,4,128.7,872.6,0.221339320108448,1.13737682353844,1
BH-90970,Tributary,634,FW high saline|const,Trans-habitat,m,5,136.9,1009.5,-0.58478291954212,1.35994672248117,1
BH-90970,Tributary,634,FW high saline|const,Trans-habitat,m,6,149.2,1158.7,-0.380871968772471,1.31963428507542,1
BH-90981,Tributary,745,FW high saline|const,Trans-habitat,m,1,419.1,419.1,-1.16393661249434,0.715742661621603,1
BH-90981,Tributary,745,FW high saline|const,Trans-habitat,m,2,271.9,691,-0.47773391724095,0.25698149998164,1
BH-90981,Tributary,745,FW high saline|const,Trans-habitat,m,3,189.8,880.8,-0.294470067864145,0.739537940280105,1
BH-90981,Tributary,745,FW high saline|const,Trans-habitat,m,4,219.6,1100.4,-0.053873595224592,0.080004370593726,1
BH-90981,Tributary,745,FW high saline|const,Trans-habitat,m,5,217.2,1317.6,-0.458609315338284,-0.299591113357677,1
BH-90981,Tributary,745,FW high saline|const,Trans-habitat,m,6,259.8,1577.4,-0.150076121641058,0.701507085324453,1
BH-90997,Tributary,675,FW high saline|const,Trans-habitat,m,1,573.7,573.7,-1.46207970011746,0.0683765928374526,U
BH-90997,Tributary,675,FW high saline|const,Trans-habitat,m,2,467.8,1041.5,-1.14053462926157,-0.255050248845042,U
BH-90997,Tributary,675,FW high saline|const,Trans-habitat,m,3,184.6,1226.1,-1.11834099171764,1.10551899995279,U
BH-90997,Tributary,675,FW high saline|const,Trans-habitat,m,4,71.7,1297.8,-1.6447485685228,1.63867754623416,U
BH-91013,Tributary,739,FW int saline|const,FW_resident,f,1,440.1,440.1,-1.22110968415832,-1.39049760806739,
BH-91013,Tributary,739,FW int saline|const,FW_resident,f,2,215.7,655.8,1.41442674807543,-1.19075650431531,
BH-91013,Tributary,739,FW int saline|const,FW_resident,f,3,289.3,945.1,0.98256575956316,-0.797011865780512,
BH-91045,Tributary,648,FW int saline|const,FW_resident,m,1,573.5,573.5,-1.3506901423347,-1.60822706020825,
BH-91045,Tributary,648,FW int saline|const,FW_resident,m,2,265.6,839.1,-0.399315483887997,-1.42443084150126,
BH-91045,Tributary,648,FW int saline|const,FW_resident,m,3,288.9,1128,0.633866275020772,-0.782149679157823,
BH-91050,Tributary,732,FW int saline|const,FW_resident,m,1,496.6,496.6,-1.0096092559745,-1.44279126395315,
BH-91050,Tributary,732,FW int saline|const,FW_resident,m,2,218.6,715.2,0.313361661538012,-1.24096710486871,
BH-91050,Tributary,732,FW int saline|const,FW_resident,m,3,175.7,890.9,0.685005519482763,-0.883830019391694,
BH-91050,Tributary,732,FW int saline|const,FW_resident,m,4,129.5,1020.4,0.665064648218369,-0.193714552439891,
BH-91050,Tributary,732,FW int saline|const,FW_resident,m,5,133.3,1153.7,0.267384886105237,0.0860183616358374,
BH-91053,Tributary,674,FW int saline|const,FW_resident,f,1,427.6,427.6,-0.602194827226929,-1.84593004212227,1
BH-91053,Tributary,674,FW int saline|const,FW_resident,f,2,557.2,984.8,0.602697210999516,-1.25596697408698,1
BH-91053,Tributary,674,FW int saline|const,FW_resident,f,3,336.7,1321.5,0.703151303162002,-0.924216372346769,1
BH-91054,Tributary,636,FW high saline|const,Trans-habitat,m,1,340.9,340.9,0.278849879606777,-0.141932197780332,1
BH-91054,Tributary,636,FW high saline|const,Trans-habitat,m,2,231.4,572.3,-0.442902313945036,0.168940998703572,1
BH-91054,Tributary,636,FW high saline|const,Trans-habitat,m,3,175.9,748.2,-0.415223766109224,0.993203879719861,1
BH-91054,Tributary,636,FW high saline|const,Trans-habitat,m,4,166,914.2,-0.501472362350765,1.48811619781634,1
BH-91054,Tributary,636,FW high saline|const,Trans-habitat,m,5,174.5,1088.7,-0.587307662955757,1.46116667464868,1
BH-91068,Tributary,860,FW int saline|const,FW_resident,f,1,510.3,510.3,-1.641673451749,-1.28188126459182,1
BH-91068,Tributary,860,FW int saline|const,FW_resident,f,2,385.7,896,-0.0655495814526602,-0.896396995319686,1
BH-91068,Tributary,860,FW int saline|const,FW_resident,f,3,189.5,1085.5,-0.0544958061017611,-1.14886392202186,1
BH-91068,Tributary,860,FW int saline|const,FW_resident,f,4,111.8,1197.3,-1.37486358995948,-1.21982178535961,1
BH-91068,Tributary,860,FW int saline|const,FW_resident,f,5,94.2,1291.5,0.840078653004233,-0.171639434925487,1
BH-91117,Tributary,555,FW int saline|shift,Anadromous,f,1,526.6,526.6,-0.955688697352159,-1.53124883485167,2
BH-91117,Tributary,555,FW int saline|shift,Anadromous,f,2,215.9,742.5,1.15507383815303,-0.797682633405938,2
BH-91117,Tributary,555,FW int saline|shift,Anadromous,f,3,151.8,894.3,2.13093957772033,0.270980840685466,2
BH-91328,Tributary,1061,FW int saline|shift,Anadromous,f,1,431.5,431.5,1.35274863374718,-1.24886203303729,2
BH-91328,Tributary,1061,FW int saline|shift,Anadromous,f,2,214.8,646.3,1.13064157036002,-1.0575578630706,2
BH-91328,Tributary,1061,FW int saline|shift,Anadromous,f,3,140.4,786.7,2.30761776984065,-0.935973355727628,2
BH-91328,Tributary,1061,FW int saline|shift,Anadromous,f,4,135.2,921.9,1.64006761565614,-0.753683754148764,2
BH-91328,Tributary,1061,FW int saline|shift,Anadromous,f,5,145.3,1067.2,1.98111246572535,-0.344448414163035,2
BH-91328,Tributary,1061,FW int saline|shift,Anadromous,f,6,119.8,1187,1.7324938236344,-0.164913050749029,2
BH-91328,Tributary,1061,FW int saline|shift,Anadromous,f,7,128,1315,1.01876717587401,0.201439846923086,2
BH-91328,Tributary,1061,FW int saline|shift,Anadromous,f,8,111.1,1426.1,1.60941535874267,0.0159209882553628,2
BH-91328,Tributary,1061,FW int saline|shift,Anadromous,f,9,95,1521.1,1.73481129118708,-0.0188207627735071,2
BH-91328,Tributary,1061,FW int saline|shift,Anadromous,f,10,97.1,1618.2,2.11852016927281,-0.0398871983572475,2
BH-91328,Tributary,1061,FW int saline|shift,Anadromous,f,11,79.8,1698,0.883182036537503,0.162845648840837,2
BH-91534,Tributary,423,FW high saline|shift,Anadromous,f,1,411.2,411.2,-2.14419728200418,-0.316937472168014,1
BH-91534,Tributary,423,FW high saline|shift,Anadromous,f,2,287,698.2,0.130669452715263,-0.236916518860099,1
BH-91549,Tributary,650,FW high saline|shift,Anadromous,f,1,713.5,713.5,-1.02777394124839,-1.18745446690867,
BH-91549,Tributary,650,FW high saline|shift,Anadromous,f,2,331.3,1044.8,0.769246418992937,-0.236276257518418,
BH-91570,Tributary,558,FW high saline|shift,Anadromous,m,1,448.2,448.2,-0.928526829192673,-0.00665512138577391,2
BH-91570,Tributary,558,FW high saline|shift,Anadromous,m,2,200.5,648.7,0.703467371450839,-0.131709601501705,2
BH-91570,Tributary,558,FW high saline|shift,Anadromous,m,3,387.3,1036,0.655070033901427,-0.0450922726916492,2
BH-91571,Tributary,896,FW int saline|const,FW_resident,f,1,352.3,352.3,-1.19847075258295,-1.41526062529778,
BH-91571,Tributary,896,FW int saline|const,FW_resident,f,2,158.6,510.9,0.235843976439355,-1.41654112896811,
BH-91571,Tributary,896,FW int saline|const,FW_resident,f,3,135.1,646,0.0779494306451419,-1.31121648294027,
BH-91571,Tributary,896,FW int saline|const,FW_resident,f,4,221.4,867.4,0.140995706786169,-1.22825343704136,
BH-91571,Tributary,896,FW int saline|const,FW_resident,f,5,251.2,1118.6,0.340133455553123,-1.26122461813938,
BH-91571,Tributary,896,FW int saline|const,FW_resident,f,6,184.1,1302.7,0.528671098336799,-1.15050397256669,
BH-91571,Tributary,896,FW int saline|const,FW_resident,f,7,162.8,1465.5,0.854206545147119,-0.987091674007721,
BH-91571,Tributary,896,FW int saline|const,FW_resident,f,8,178.8,1644.3,0.544758470547807,-1.00509884629237,
BH-91571,Tributary,896,FW int saline|const,FW_resident,f,9,116,1760.3,-0.734317034738623,-1.00417840976211,
BH-91585,Tributary,815,FW int saline|const,FW_resident,f,1,427.9,427.9,0.495189190095151,-1.32375315550642,1
BH-91585,Tributary,815,FW int saline|const,FW_resident,f,2,349.8,777.7,-0.573633105949107,-1.3263946610826,1
BH-91585,Tributary,815,FW int saline|const,FW_resident,f,3,244.3,1022,0.33744951396208,-1.17586009133473,1
BH-91585,Tributary,815,FW int saline|const,FW_resident,f,4,166,1188,1.11072802934995,-0.83853607948529,1
BH-91585,Tributary,815,FW int saline|const,FW_resident,f,5,172.4,1360.4,0.0802424453365544,-0.679561191131382,1
BH-91585,Tributary,815,FW int saline|const,FW_resident,f,6,157.2,1517.6,-0.151788770718068,-0.624648567719529,1
BH-91588,Tributary,615,FW int saline|const,FW_resident,m,1,512.9,512.9,-0.893606792108263,-1.88564152069148,2
BH-91588,Tributary,615,FW int saline|const,FW_resident,m,2,270.8,783.7,0.936844565336958,-1.37980882789705,2
BH-91588,Tributary,615,FW int saline|const,FW_resident,m,3,204.5,988.2,0.0942512638089162,-0.991630354242337,2
BH-91588,Tributary,615,FW int saline|const,FW_resident,m,4,234.8,1223,-0.854598260646176,-1.15981940289893,2
BH-92990,Tributary,802,FW int saline|const,FW_resident,f,1,627.6,627.6,-1.2082735091151,-1.30854178696612,2
BH-92990,Tributary,802,FW int saline|const,FW_resident,f,2,241.7,869.3,0.158019797141435,-1.15777529530441,2
BH-92990,Tributary,802,FW int saline|const,FW_resident,f,3,205.7,1075,0.00622570676998099,-1.18740817180482,2
BH-92990,Tributary,802,FW int saline|const,FW_resident,f,4,186.1,1261.1,0.523052200026667,-1.08988139371706,2
BH-92990,Tributary,802,FW int saline|const,FW_resident,f,5,184.5,1445.6,0.708296087913014,-0.785568673093797,2
BH-92990,Tributary,802,FW int saline|const,FW_resident,f,6,160.4,1606,-0.161375271849255,-0.94893636068535,2
BH-92993,Tributary,680,FW high saline|const,Trans-habitat,f,1,546,546,-0.665143940849542,-0.29789002265313,1
BH-92993,Tributary,680,FW high saline|const,Trans-habitat,f,2,195.8,741.8,1.15533013356293,-0.278291912275499,1
BH-92993,Tributary,680,FW high saline|const,Trans-habitat,f,3,359.3,1101.1,0.820243064594931,-0.0465810430110767,1
BH-92996,Tributary,665,FW high saline|shift,Anadromous,f,1,901,901,-1.17778301252395,-0.140516286653998,1
BH-92996,Tributary,665,FW high saline|shift,Anadromous,f,2,474,1375,-0.108799508070944,-0.145848600355229,1
BH-93002,Tributary,686,FW high saline|const,Trans-habitat,f,1,379.2,379.2,-0.384012511569766,-0.128728811061031,U
BH-93002,Tributary,686,FW high saline|const,Trans-habitat,f,2,387.9,767.1,1.0628671890997,-0.299599679193314,U
BH-93002,Tributary,686,FW high saline|const,Trans-habitat,f,3,386.4,1153.5,0.0985708671220876,-0.0377367907053446,U
BH-93003,Tributary,877,FW int saline|const,FW_resident,f,1,339.6,339.6,-1.83153085589645,-1.29399742847327,2
BH-93003,Tributary,877,FW int saline|const,FW_resident,f,2,268.8,608.4,-1.15827736710799,-1.66371288661825,2
BH-93003,Tributary,877,FW int saline|const,FW_resident,f,3,165.3,773.7,-0.92608504281559,-1.20486673904998,2
BH-93003,Tributary,877,FW int saline|const,FW_resident,f,4,172.2,945.9,-1.10254135053904,-1.12837362615459,2
BH-93003,Tributary,877,FW int saline|const,FW_resident,f,5,159.1,1105,0.301503672254566,-0.794221781963692,2
BH-93003,Tributary,877,FW int saline|const,FW_resident,f,6,170.9,1275.9,-0.448754543423093,-0.793508992099384,2
BH-93003,Tributary,877,FW int saline|const,FW_resident,f,7,153.5,1429.4,-0.0654517687385679,-0.752675232319478,2
BH-93003,Tributary,877,FW int saline|const,FW_resident,f,8,125.7,1555.1,0.631184186419173,-0.750605108564615,2
BH-93003,Tributary,877,FW int saline|const,FW_resident,f,9,79.9,1635,-0.00962326168884522,-0.646704611535035,2
BH-93003,Tributary,877,FW int saline|const,FW_resident,f,10,81.3,1716.3,-0.000777223460327327,-0.434581381064628,2
BH-93005,Tributary,765,FW high saline|const,Trans-habitat,f,1,484.5,484.5,0.309882695778387,0.341364742813747,U
BH-93005,Tributary,765,FW high saline|const,Trans-habitat,f,2,250.8,735.3,0.391204037716609,0.103457723639692,U
BH-93005,Tributary,765,FW high saline|const,Trans-habitat,f,3,315.1,1050.4,0.580256296977097,0.358335930059229,U
BH-93007,Tributary,878,FW int saline|const,FW_resident,f,1,418.5,418.5,0.0346719265978218,-1.36206029467927,2
BH-93007,Tributary,878,FW int saline|const,FW_resident,f,2,287.1,705.6,0.447876367752282,-1.06055573989169,2
BH-93007,Tributary,878,FW int saline|const,FW_resident,f,3,392,1097.6,0.49962528548078,-0.736661613220536,2
BH-93007,Tributary,878,FW int saline|const,FW_resident,f,4,171,1268.6,0.486484833898006,-0.724541858508678,2
BH-93007,Tributary,878,FW int saline|const,FW_resident,f,5,215.2,1483.8,-0.276861350037455,-0.862476887989285,2
BH-93015,Tributary,652,FW high saline|shift,Anadromous,f,1,609.6,609.6,-0.785966076140206,-0.634424829159521,1
BH-93015,Tributary,652,FW high saline|shift,Anadromous,f,2,301.3,910.9,0.0264562953992033,0.210159167910893,1
BH-93047,Tributary,702,FW low saline|shift,FW_resident,f,1,650,650,-2.42222823155484,-1.53642925277409,2
BH-93047,Tributary,702,FW low saline|shift,FW_resident,f,2,348.5,998.5,-0.513802243756914,-1.45712449348745,2
BH-93047,Tributary,702,FW low saline|shift,FW_resident,f,3,226.5,1225,-0.380799798187633,-1.3071236818391,2
BH-93047,Tributary,702,FW low saline|shift,FW_resident,f,4,220.5,1445.5,-0.953790139126539,-1.15500565513427,2
BH-93048,Tributary,730,FW int saline|const,FW_resident,f,1,594.5,594.5,-1.34104745247062,-1.67199704727977,2
BH-93048,Tributary,730,FW int saline|const,FW_resident,f,2,245.6,840.1,-0.492279235139098,-1.25548288093989,2
BH-93048,Tributary,730,FW int saline|const,FW_resident,f,3,242.6,1082.7,-0.327726388555559,-1.11029250562867,2
BH-93048,Tributary,730,FW int saline|const,FW_resident,f,4,239.9,1322.6,-1.78890199960597,-1.14456664121815,2
BH-93066,Tributary,520,FW low saline|shift,FW_resident,m,1,471.8,471.8,-1.53339392850532,-1.30071895417149,
BH-93066,Tributary,520,FW low saline|shift,FW_resident,m,2,267.1,738.9,-1.19134730615822,-1.42907412367465,
BH-93071,Tributary,854,FW int saline|const,FW_resident,f,1,362.7,362.7,-1.57249566021739,-1.74621024330148,
BH-93071,Tributary,854,FW int saline|const,FW_resident,f,2,311.1,673.8,-0.960902747118519,-1.36097042878259,
BH-93071,Tributary,854,FW int saline|const,FW_resident,f,3,259.6,933.4,-0.877195135912268,-1.17047342958854,
BH-93071,Tributary,854,FW int saline|const,FW_resident,f,4,146.1,1079.5,-0.237140774654066,-1.11716409935835,
BH-93071,Tributary,854,FW int saline|const,FW_resident,f,5,165.2,1244.7,-0.00197773777275392,-1.1506914134641,
BH-93071,Tributary,854,FW int saline|const,FW_resident,f,6,128.8,1373.5,0.50259467428933,-0.882814398704544,
BH-93071,Tributary,854,FW int saline|const,FW_resident,f,7,145.8,1519.3,0.0859096273552088,-0.735708047784968,
BH-93071,Tributary,854,FW int saline|const,FW_resident,f,8,182.5,1701.8,-1.79818445188465,-0.909802158902033,
BH-93097,Tributary,636,FW int saline|const,FW_resident,m,1,572.2,572.2,-0.544566959099126,-1.31236467738491,2
BH-93097,Tributary,636,FW int saline|const,FW_resident,m,2,462.7,1034.9,0.838816078525545,-0.580803033725392,2
BH-93097,Tributary,636,FW int saline|const,FW_resident,m,3,220.7,1255.6,0.568832133007895,-0.446194844868155,2
BH-93109,Tributary,732,FW int saline|const,FW_resident,m,1,447.2,447.2,-1.33073284110946,-1.75142898574077,1
BH-93109,Tributary,732,FW int saline|const,FW_resident,m,2,226.1,673.3,-0.101216687233436,-1.15487709809301,1
BH-93109,Tributary,732,FW int saline|const,FW_resident,m,3,212.7,886,0.155751588427697,-0.924625453564212,1
BH-93109,Tributary,732,FW int saline|const,FW_resident,m,4,179,1065,0.465781089595187,-0.931784575793361,1
BH-93109,Tributary,732,FW int saline|const,FW_resident,m,5,146.6,1211.6,-0.370738069144351,-1.1052241620925,1
BH-93109,Tributary,732,FW int saline|const,FW_resident,m,6,152.6,1364.2,0.281187301409098,-1.07246913349267,1
BH-93109,Tributary,732,FW int saline|const,FW_resident,m,7,125.8,1490,0.437164999254048,-0.87907618887262,1
BH-93109,Tributary,732,FW int saline|const,FW_resident,m,8,121.2,1611.2,-0.690756289019469,-0.773250534737681,1
BH-93109,Tributary,732,FW int saline|const,FW_resident,m,9,163.6,1774.8,-1.40045615559349,-1.04576553323607,1
BH-93114,Tributary,618,FW int saline|const,FW_resident,m,1,471.8,471.8,-0.990420908278881,-1.70742070749179,2
BH-93114,Tributary,618,FW int saline|const,FW_resident,m,2,291.4,763.2,0.161801247599804,-1.32907677979763,2
BH-93114,Tributary,618,FW int saline|const,FW_resident,m,3,232.8,996,-0.0374911901713018,-0.936004955229571,2
BH-93114,Tributary,618,FW int saline|const,FW_resident,m,4,184.8,1180.8,-1.61357308983001,-0.915122050831887,2
BH-93116,Tributary,563,FW int saline|const,FW_resident,f,1,597.5,597.5,-0.292337060191906,-1.090009870505,2
BH-93116,Tributary,563,FW int saline|const,FW_resident,f,2,292.1,889.6,0.947287310903199,-0.468693061202825,2
BH-93132,Tributary,862,FW int saline|const,FW_resident,f,1,407.5,407.5,-1.52611935426877,-1.53077389240349,U
BH-93132,Tributary,862,FW int saline|const,FW_resident,f,2,182.2,589.7,-0.931151154141064,-1.60930899404062,U
BH-93132,Tributary,862,FW int saline|const,FW_resident,f,3,232.8,822.5,-1.08205181736572,-1.15040954436306,U
BH-93132,Tributary,862,FW int saline|const,FW_resident,f,4,221.1,1043.6,-0.730271306385892,-1.04789914494922,U
BH-93132,Tributary,862,FW int saline|const,FW_resident,f,5,209.6,1253.2,-0.743803443272344,-0.794180576929384,U
BH-93132,Tributary,862,FW int saline|const,FW_resident,f,6,183.3,1436.5,-0.395033247645565,-0.995922141776731,U
BH-93132,Tributary,862,FW int saline|const,FW_resident,f,7,157.7,1594.2,1.19753930410478,-0.937897441381369,U
BH-93132,Tributary,862,FW int saline|const,FW_resident,f,8,144.8,1739,1.08993303571909,-0.887840955259314,U
BH-93132,Tributary,862,FW int saline|const,FW_resident,f,9,150.3,1889.3,-0.881416848140755,-0.727694537197342,U
BH-93143,Tributary,675,FW high saline|const,Trans-habitat,f,1,374,374,0.0409679537579415,-0.478672375131066,1
BH-93143,Tributary,675,FW high saline|const,Trans-habitat,f,2,309.3,683.3,0.349094240879558,-0.323571988806196,1
BH-93143,Tributary,675,FW high saline|const,Trans-habitat,f,3,414.7,1098,-0.284024140151533,0.341130221208033,1
BH-93152,Tributary,632,FW high saline|const,Trans-habitat,f,1,692.7,692.7,0.349761005571224,-0.407713464031387,1
BH-93152,Tributary,632,FW high saline|const,Trans-habitat,f,2,384.6,1077.3,-0.065406349906538,-0.0933337473835826,1
BH-93170,Tributary,733,FW high saline|const,Trans-habitat,m,1,444.1,444.1,0.566372570490719,-0.309684789468117,4
BH-93170,Tributary,733,FW high saline|const,Trans-habitat,m,2,123.7,567.8,0.593955441663875,0.409791125431182,4
BH-93170,Tributary,733,FW high saline|const,Trans-habitat,m,3,171.3,739.1,0.469965257148323,0.521862068635898,4
BH-93170,Tributary,733,FW high saline|const,Trans-habitat,m,4,241.5,980.6,-0.24082087049111,0.483763003193559,4
BH-93170,Tributary,733,FW high saline|const,Trans-habitat,m,5,160.4,1141,-0.937221868987459,1.01241062507575,4
BH-93170,Tributary,733,FW high saline|const,Trans-habitat,m,6,157.8,1298.8,-2.06050466429531,1.22499349418206,4
BH-93170,Tributary,733,FW high saline|const,Trans-habitat,m,7,113.1,1411.9,-0.125519281870165,0.947241682694336,4
BH-93170,Tributary,733,FW high saline|const,Trans-habitat,m,8,102.4,1514.3,-0.455821351928386,0.943664123091691,4
BH-93170,Tributary,733,FW high saline|const,Trans-habitat,m,9,81.6,1595.9,0.198302727426173,0.351082205756191,4
BH-93172,Tributary,745,FW high saline|const,Trans-habitat,f,1,709.7,709.7,-0.183618336292377,0.325189967467158,1
BH-93172,Tributary,745,FW high saline|const,Trans-habitat,f,2,343.5,1053.2,1.00664587373502,0.399067909698613,1
BH-93172,Tributary,745,FW high saline|const,Trans-habitat,f,3,356.4,1409.6,0.908959073415407,0.666086204663519,1
BH-93178,Tributary,604,FW high saline|shift,Anadromous,f,1,693,693,-0.475230721900485,-0.765687589326708,2
BH-93178,Tributary,604,FW high saline|shift,Anadromous,f,2,385.6,1078.6,0.51205224651456,-0.46433288992067,2
